--------------------------------------------------------
--  File created - vasárnap-május-18-2025   
--------------------------------------------------------
--------------------------------------------------------
--  DDL for Table ASK
--------------------------------------------------------

  CREATE TABLE "ATTILA"."ASK" 
   (	"USER_ID" NUMBER, 
	"FAQ_ID" NUMBER
   ) SEGMENT CREATION IMMEDIATE 
  PCTFREE 10 PCTUSED 40 INITRANS 1 MAXTRANS 255 
 NOCOMPRESS LOGGING
  STORAGE(INITIAL 65536 NEXT 1048576 MINEXTENTS 1 MAXEXTENTS 2147483645
  PCTINCREASE 0 FREELISTS 1 FREELIST GROUPS 1
  BUFFER_POOL DEFAULT FLASH_CACHE DEFAULT CELL_FLASH_CACHE DEFAULT)
  TABLESPACE "USERS" ;
--------------------------------------------------------
--  DDL for Table DATABASES
--------------------------------------------------------

  CREATE TABLE "ATTILA"."DATABASES" 
   (	"ID" NUMBER GENERATED BY DEFAULT AS IDENTITY MINVALUE 1 MAXVALUE 9999999999999999999999999999 INCREMENT BY 1 START WITH 1 CACHE 20 NOORDER  NOCYCLE , 
	"USER_ID" NUMBER, 
	"NAME" VARCHAR2(100 BYTE), 
	"SIZE_MB" NUMBER DEFAULT 0, 
	"CREATED_AT" DATE DEFAULT SYSDATE
   ) SEGMENT CREATION IMMEDIATE 
  PCTFREE 10 PCTUSED 40 INITRANS 1 MAXTRANS 255 
 NOCOMPRESS LOGGING
  STORAGE(INITIAL 65536 NEXT 1048576 MINEXTENTS 1 MAXEXTENTS 2147483645
  PCTINCREASE 0 FREELISTS 1 FREELIST GROUPS 1
  BUFFER_POOL DEFAULT FLASH_CACHE DEFAULT CELL_FLASH_CACHE DEFAULT)
  TABLESPACE "USERS" ;
--------------------------------------------------------
--  DDL for Table FAQ
--------------------------------------------------------

  CREATE TABLE "ATTILA"."FAQ" 
   (	"FAQ_ID" NUMBER GENERATED BY DEFAULT ON NULL AS IDENTITY MINVALUE 1 MAXVALUE 9999999999999999999999999999 INCREMENT BY 1 START WITH 1 CACHE 20 NOORDER  NOCYCLE , 
	"QUESTION" VARCHAR2(255 BYTE), 
	"ANSWER" VARCHAR2(255 BYTE)
   ) SEGMENT CREATION IMMEDIATE 
  PCTFREE 10 PCTUSED 40 INITRANS 1 MAXTRANS 255 
 NOCOMPRESS LOGGING
  STORAGE(INITIAL 65536 NEXT 1048576 MINEXTENTS 1 MAXEXTENTS 2147483645
  PCTINCREASE 0 FREELISTS 1 FREELIST GROUPS 1
  BUFFER_POOL DEFAULT FLASH_CACHE DEFAULT CELL_FLASH_CACHE DEFAULT)
  TABLESPACE "USERS" ;
--------------------------------------------------------
--  DDL for Table NOTIFICATIONS
--------------------------------------------------------

  CREATE TABLE "ATTILA"."NOTIFICATIONS" 
   (	"ID" NUMBER GENERATED BY DEFAULT ON NULL AS IDENTITY MINVALUE 1 MAXVALUE 9999999999999999999999999999 INCREMENT BY 1 START WITH 1 CACHE 20 NOORDER  NOCYCLE , 
	"USER_ID" NUMBER, 
	"MESSAGE" VARCHAR2(255 BYTE), 
	"CREATED_AT" DATE DEFAULT SYSDATE, 
	"SUBSCRIPTION_ID" NUMBER
   ) SEGMENT CREATION IMMEDIATE 
  PCTFREE 10 PCTUSED 40 INITRANS 1 MAXTRANS 255 
 NOCOMPRESS LOGGING
  STORAGE(INITIAL 65536 NEXT 1048576 MINEXTENTS 1 MAXEXTENTS 2147483645
  PCTINCREASE 0 FREELISTS 1 FREELIST GROUPS 1
  BUFFER_POOL DEFAULT FLASH_CACHE DEFAULT CELL_FLASH_CACHE DEFAULT)
  TABLESPACE "USERS" ;
--------------------------------------------------------
--  DDL for Table PAYMENT
--------------------------------------------------------

  CREATE TABLE "ATTILA"."PAYMENT" 
   (	"PAYMENT_ID" NUMBER GENERATED BY DEFAULT ON NULL AS IDENTITY MINVALUE 1 MAXVALUE 9999999999999999999999999999 INCREMENT BY 1 START WITH 1 CACHE 20 NOORDER  NOCYCLE , 
	"USER_ID" NUMBER, 
	"SUBSCRIPTION_ID" NUMBER, 
	"AMOUNT" NUMBER(10,2), 
	"DUE_DATE" DATE, 
	"METHOD" VARCHAR2(50 BYTE)
   ) SEGMENT CREATION IMMEDIATE 
  PCTFREE 10 PCTUSED 40 INITRANS 1 MAXTRANS 255 
 NOCOMPRESS LOGGING
  STORAGE(INITIAL 65536 NEXT 1048576 MINEXTENTS 1 MAXEXTENTS 2147483645
  PCTINCREASE 0 FREELISTS 1 FREELIST GROUPS 1
  BUFFER_POOL DEFAULT FLASH_CACHE DEFAULT CELL_FLASH_CACHE DEFAULT)
  TABLESPACE "USERS" ;
--------------------------------------------------------
--  DDL for Table SERVICE
--------------------------------------------------------

  CREATE TABLE "ATTILA"."SERVICE" 
   (	"ID" NUMBER GENERATED BY DEFAULT ON NULL AS IDENTITY MINVALUE 1 MAXVALUE 9999999999999999999999999999 INCREMENT BY 1 START WITH 1 CACHE 20 NOORDER  NOCYCLE , 
	"PRICE" NUMBER(10,2), 
	"SERVICE_TYPE" VARCHAR2(50 BYTE), 
	"VPS_ID" NUMBER, 
	"WEBSTORAGE_ID" NUMBER
   ) SEGMENT CREATION IMMEDIATE 
  PCTFREE 10 PCTUSED 40 INITRANS 1 MAXTRANS 255 
 NOCOMPRESS LOGGING
  STORAGE(INITIAL 65536 NEXT 1048576 MINEXTENTS 1 MAXEXTENTS 2147483645
  PCTINCREASE 0 FREELISTS 1 FREELIST GROUPS 1
  BUFFER_POOL DEFAULT FLASH_CACHE DEFAULT CELL_FLASH_CACHE DEFAULT)
  TABLESPACE "USERS" ;
--------------------------------------------------------
--  DDL for Table SUBSCRIPTION
--------------------------------------------------------

  CREATE TABLE "ATTILA"."SUBSCRIPTION" 
   (	"ID" NUMBER GENERATED BY DEFAULT ON NULL AS IDENTITY MINVALUE 1 MAXVALUE 9999999999999999999999999999 INCREMENT BY 1 START WITH 1 CACHE 20 NOORDER  NOCYCLE , 
	"USER_ID" NUMBER, 
	"SERVICE_ID" NUMBER, 
	"START_DATE" DATE, 
	"END_DATE" DATE, 
	"STATUS" VARCHAR2(50 BYTE)
   ) SEGMENT CREATION IMMEDIATE 
  PCTFREE 10 PCTUSED 40 INITRANS 1 MAXTRANS 255 
 NOCOMPRESS LOGGING
  STORAGE(INITIAL 65536 NEXT 1048576 MINEXTENTS 1 MAXEXTENTS 2147483645
  PCTINCREASE 0 FREELISTS 1 FREELIST GROUPS 1
  BUFFER_POOL DEFAULT FLASH_CACHE DEFAULT CELL_FLASH_CACHE DEFAULT)
  TABLESPACE "USERS" ;
--------------------------------------------------------
--  DDL for Table USERS
--------------------------------------------------------

  CREATE TABLE "ATTILA"."USERS" 
   (	"USER_ID" NUMBER GENERATED BY DEFAULT ON NULL AS IDENTITY MINVALUE 1 MAXVALUE 9999999999999999999999999999 INCREMENT BY 1 START WITH 1 CACHE 20 NOORDER  NOCYCLE , 
	"USERNAME" VARCHAR2(50 BYTE), 
	"EMAIL" VARCHAR2(100 BYTE), 
	"PASSWORD_HASH" VARCHAR2(255 BYTE), 
	"ROLE" VARCHAR2(20 BYTE) DEFAULT 'user'
   ) SEGMENT CREATION IMMEDIATE 
  PCTFREE 10 PCTUSED 40 INITRANS 1 MAXTRANS 255 
 NOCOMPRESS LOGGING
  STORAGE(INITIAL 65536 NEXT 1048576 MINEXTENTS 1 MAXEXTENTS 2147483645
  PCTINCREASE 0 FREELISTS 1 FREELIST GROUPS 1
  BUFFER_POOL DEFAULT FLASH_CACHE DEFAULT CELL_FLASH_CACHE DEFAULT)
  TABLESPACE "USERS" ;
--------------------------------------------------------
--  DDL for Table VPS
--------------------------------------------------------

  CREATE TABLE "ATTILA"."VPS" 
   (	"ID" NUMBER GENERATED BY DEFAULT ON NULL AS IDENTITY MINVALUE 1 MAXVALUE 9999999999999999999999999999 INCREMENT BY 1 START WITH 1 CACHE 20 NOORDER  NOCYCLE , 
	"SERVER_SPECS" VARCHAR2(255 BYTE)
   ) SEGMENT CREATION IMMEDIATE 
  PCTFREE 10 PCTUSED 40 INITRANS 1 MAXTRANS 255 
 NOCOMPRESS LOGGING
  STORAGE(INITIAL 65536 NEXT 1048576 MINEXTENTS 1 MAXEXTENTS 2147483645
  PCTINCREASE 0 FREELISTS 1 FREELIST GROUPS 1
  BUFFER_POOL DEFAULT FLASH_CACHE DEFAULT CELL_FLASH_CACHE DEFAULT)
  TABLESPACE "USERS" ;
--------------------------------------------------------
--  DDL for Table WEBSITE
--------------------------------------------------------

  CREATE TABLE "ATTILA"."WEBSITE" 
   (	"ID" NUMBER GENERATED BY DEFAULT AS IDENTITY MINVALUE 1 MAXVALUE 9999999999999999999999999999 INCREMENT BY 1 START WITH 1 CACHE 20 NOORDER  NOCYCLE , 
	"USER_ID" NUMBER, 
	"WEBSTORAGE_ID" NUMBER, 
	"ADDRESS" VARCHAR2(255 BYTE)
   ) SEGMENT CREATION IMMEDIATE 
  PCTFREE 10 PCTUSED 40 INITRANS 1 MAXTRANS 255 
 NOCOMPRESS LOGGING
  STORAGE(INITIAL 65536 NEXT 1048576 MINEXTENTS 1 MAXEXTENTS 2147483645
  PCTINCREASE 0 FREELISTS 1 FREELIST GROUPS 1
  BUFFER_POOL DEFAULT FLASH_CACHE DEFAULT CELL_FLASH_CACHE DEFAULT)
  TABLESPACE "USERS" ;
--------------------------------------------------------
--  DDL for Table WEBSTORAGE
--------------------------------------------------------

  CREATE TABLE "ATTILA"."WEBSTORAGE" 
   (	"ID" NUMBER GENERATED BY DEFAULT ON NULL AS IDENTITY MINVALUE 1 MAXVALUE 9999999999999999999999999999 INCREMENT BY 1 START WITH 1 CACHE 20 NOORDER  NOCYCLE , 
	"NAME" VARCHAR2(100 BYTE), 
	"DESCRIPTION" VARCHAR2(255 BYTE), 
	"STORAGE_SPACE" NUMBER
   ) SEGMENT CREATION IMMEDIATE 
  PCTFREE 10 PCTUSED 40 INITRANS 1 MAXTRANS 255 
 NOCOMPRESS LOGGING
  STORAGE(INITIAL 65536 NEXT 1048576 MINEXTENTS 1 MAXEXTENTS 2147483645
  PCTINCREASE 0 FREELISTS 1 FREELIST GROUPS 1
  BUFFER_POOL DEFAULT FLASH_CACHE DEFAULT CELL_FLASH_CACHE DEFAULT)
  TABLESPACE "USERS" ;
REM INSERTING into ATTILA.ASK
SET DEFINE OFF;
Insert into ATTILA.ASK (USER_ID,FAQ_ID) values ('6','14');
Insert into ATTILA.ASK (USER_ID,FAQ_ID) values ('9','5');
Insert into ATTILA.ASK (USER_ID,FAQ_ID) values ('9','12');
Insert into ATTILA.ASK (USER_ID,FAQ_ID) values ('10','13');
Insert into ATTILA.ASK (USER_ID,FAQ_ID) values ('11','6');
Insert into ATTILA.ASK (USER_ID,FAQ_ID) values ('12','7');
Insert into ATTILA.ASK (USER_ID,FAQ_ID) values ('13','8');
Insert into ATTILA.ASK (USER_ID,FAQ_ID) values ('14','9');
Insert into ATTILA.ASK (USER_ID,FAQ_ID) values ('15','10');
Insert into ATTILA.ASK (USER_ID,FAQ_ID) values ('16','11');
Insert into ATTILA.ASK (USER_ID,FAQ_ID) values ('17','12');
Insert into ATTILA.ASK (USER_ID,FAQ_ID) values ('18','13');
Insert into ATTILA.ASK (USER_ID,FAQ_ID) values ('19','14');
Insert into ATTILA.ASK (USER_ID,FAQ_ID) values ('20','15');
Insert into ATTILA.ASK (USER_ID,FAQ_ID) values ('21','6');
Insert into ATTILA.ASK (USER_ID,FAQ_ID) values ('22','7');
Insert into ATTILA.ASK (USER_ID,FAQ_ID) values ('23','8');
Insert into ATTILA.ASK (USER_ID,FAQ_ID) values ('24','9');
Insert into ATTILA.ASK (USER_ID,FAQ_ID) values ('25','10');
Insert into ATTILA.ASK (USER_ID,FAQ_ID) values ('26','11');
REM INSERTING into ATTILA.DATABASES
SET DEFINE OFF;
Insert into ATTILA.DATABASES (ID,USER_ID,NAME,SIZE_MB,CREATED_AT) values ('1','10','Próba','15360',to_date('25-MÁJ.  -18','RR-MON-DD'));
Insert into ATTILA.DATABASES (ID,USER_ID,NAME,SIZE_MB,CREATED_AT) values ('2','11','Adatbazis2','1000',to_date('25-MÁJ.  -08','RR-MON-DD'));
Insert into ATTILA.DATABASES (ID,USER_ID,NAME,SIZE_MB,CREATED_AT) values ('3','12','Adatbazis3','2000',to_date('25-MÁJ.  -09','RR-MON-DD'));
Insert into ATTILA.DATABASES (ID,USER_ID,NAME,SIZE_MB,CREATED_AT) values ('4','13','Adatbazis4','3000',to_date('25-MÁJ.  -10','RR-MON-DD'));
Insert into ATTILA.DATABASES (ID,USER_ID,NAME,SIZE_MB,CREATED_AT) values ('5','14','Adatbazis5','4000',to_date('25-MÁJ.  -11','RR-MON-DD'));
Insert into ATTILA.DATABASES (ID,USER_ID,NAME,SIZE_MB,CREATED_AT) values ('6','15','Adatbazis6','5000',to_date('25-MÁJ.  -12','RR-MON-DD'));
Insert into ATTILA.DATABASES (ID,USER_ID,NAME,SIZE_MB,CREATED_AT) values ('7','16','Adatbazis7','6000',to_date('25-MÁJ.  -13','RR-MON-DD'));
Insert into ATTILA.DATABASES (ID,USER_ID,NAME,SIZE_MB,CREATED_AT) values ('8','17','Adatbazis8','7000',to_date('25-MÁJ.  -14','RR-MON-DD'));
Insert into ATTILA.DATABASES (ID,USER_ID,NAME,SIZE_MB,CREATED_AT) values ('9','18','Adatbazis9','8000',to_date('25-MÁJ.  -15','RR-MON-DD'));
Insert into ATTILA.DATABASES (ID,USER_ID,NAME,SIZE_MB,CREATED_AT) values ('10','19','Adatbazis10','9000',to_date('25-MÁJ.  -16','RR-MON-DD'));
Insert into ATTILA.DATABASES (ID,USER_ID,NAME,SIZE_MB,CREATED_AT) values ('11','20','Adatbazis11','10000',to_date('25-MÁJ.  -17','RR-MON-DD'));
Insert into ATTILA.DATABASES (ID,USER_ID,NAME,SIZE_MB,CREATED_AT) values ('12','21','Adatbazis12','11000',to_date('25-MÁJ.  -17','RR-MON-DD'));
Insert into ATTILA.DATABASES (ID,USER_ID,NAME,SIZE_MB,CREATED_AT) values ('13','22','Adatbazis13','12000',to_date('25-MÁJ.  -17','RR-MON-DD'));
Insert into ATTILA.DATABASES (ID,USER_ID,NAME,SIZE_MB,CREATED_AT) values ('14','23','Adatbazis14','13000',to_date('25-MÁJ.  -17','RR-MON-DD'));
Insert into ATTILA.DATABASES (ID,USER_ID,NAME,SIZE_MB,CREATED_AT) values ('15','24','Adatbazis15','14000',to_date('25-MÁJ.  -17','RR-MON-DD'));
Insert into ATTILA.DATABASES (ID,USER_ID,NAME,SIZE_MB,CREATED_AT) values ('16','25','Adatbazis16','15000',to_date('25-MÁJ.  -17','RR-MON-DD'));
Insert into ATTILA.DATABASES (ID,USER_ID,NAME,SIZE_MB,CREATED_AT) values ('17','26','Adatbazis17','16000',to_date('25-MÁJ.  -17','RR-MON-DD'));
Insert into ATTILA.DATABASES (ID,USER_ID,NAME,SIZE_MB,CREATED_AT) values ('18','9','Adatbazis18','17000',to_date('25-MÁJ.  -17','RR-MON-DD'));
Insert into ATTILA.DATABASES (ID,USER_ID,NAME,SIZE_MB,CREATED_AT) values ('19','10','Adatbazis19','18000',to_date('25-MÁJ.  -17','RR-MON-DD'));
Insert into ATTILA.DATABASES (ID,USER_ID,NAME,SIZE_MB,CREATED_AT) values ('20','6','Adatbazis20','19000',to_date('25-MÁJ.  -17','RR-MON-DD'));
REM INSERTING into ATTILA.FAQ
SET DEFINE OFF;
Insert into ATTILA.FAQ (FAQ_ID,QUESTION,ANSWER) values ('3','Kérdés','Válasz');
Insert into ATTILA.FAQ (FAQ_ID,QUESTION,ANSWER) values ('6','Mi az a webtárhely?','Egy tárhely, ahol weboldalakat lehet tárolni.');
Insert into ATTILA.FAQ (FAQ_ID,QUESTION,ANSWER) values ('7','Mi az a VPS?','Virtuális szerver.');
Insert into ATTILA.FAQ (FAQ_ID,QUESTION,ANSWER) values ('8','Hogyan tudok előfizetni?','A szolgáltatások menüpontban.');
Insert into ATTILA.FAQ (FAQ_ID,QUESTION,ANSWER) values ('9','Hogyan tudok fizetni?','Bankkártyával vagy átutalással.');
Insert into ATTILA.FAQ (FAQ_ID,QUESTION,ANSWER) values ('10','Hogyan tudom módosítani az adataimat?','A profilom menüpontban.');
Insert into ATTILA.FAQ (FAQ_ID,QUESTION,ANSWER) values ('11','Mi az a díjcsomag?','Különböző szolgáltatási szintek.');
Insert into ATTILA.FAQ (FAQ_ID,QUESTION,ANSWER) values ('12','Hogyan tudok lemondani?','A lemondás menüpontban.');
Insert into ATTILA.FAQ (FAQ_ID,QUESTION,ANSWER) values ('13','Mi az a domain?','Egyedi webcím.');
Insert into ATTILA.FAQ (FAQ_ID,QUESTION,ANSWER) values ('14','Mi az az admin?','Rendszergazda jogosultság.');
Insert into ATTILA.FAQ (FAQ_ID,QUESTION,ANSWER) values ('15','Mi az a felhasználó?','Regisztrált személy.');
Insert into ATTILA.FAQ (FAQ_ID,QUESTION,ANSWER) values ('2','szöveg','szöveg');
Insert into ATTILA.FAQ (FAQ_ID,QUESTION,ANSWER) values ('5','Hogyan tudok regisztrálni?','A regisztráció fülre kattintva és a szükséges adatok megadása után.');
REM INSERTING into ATTILA.NOTIFICATIONS
SET DEFINE OFF;
Insert into ATTILA.NOTIFICATIONS (ID,USER_ID,MESSAGE,CREATED_AT,SUBSCRIPTION_ID) values ('51','11','Előfizetésed hamarosan lejár!',to_date('25-MÁJ.  -17','RR-MON-DD'),'45');
Insert into ATTILA.NOTIFICATIONS (ID,USER_ID,MESSAGE,CREATED_AT,SUBSCRIPTION_ID) values ('52','12','Előfizetésed sikeresen megújult!',to_date('25-MÁJ.  -16','RR-MON-DD'),'46');
Insert into ATTILA.NOTIFICATIONS (ID,USER_ID,MESSAGE,CREATED_AT,SUBSCRIPTION_ID) values ('53','13','Új szolgáltatás elérhető!',to_date('25-MÁJ.  -15','RR-MON-DD'),'47');
Insert into ATTILA.NOTIFICATIONS (ID,USER_ID,MESSAGE,CREATED_AT,SUBSCRIPTION_ID) values ('54','14','Fizetésed feldolgozás alatt.',to_date('25-MÁJ.  -14','RR-MON-DD'),'48');
Insert into ATTILA.NOTIFICATIONS (ID,USER_ID,MESSAGE,CREATED_AT,SUBSCRIPTION_ID) values ('55','15','Előfizetésed sikeresen megújult!',to_date('25-MÁJ.  -13','RR-MON-DD'),'49');
Insert into ATTILA.NOTIFICATIONS (ID,USER_ID,MESSAGE,CREATED_AT,SUBSCRIPTION_ID) values ('56','16','Új szolgáltatás elérhető!',to_date('25-MÁJ.  -12','RR-MON-DD'),'50');
Insert into ATTILA.NOTIFICATIONS (ID,USER_ID,MESSAGE,CREATED_AT,SUBSCRIPTION_ID) values ('57','17','Fizetésed feldolgozás alatt.',to_date('25-MÁJ.  -11','RR-MON-DD'),'51');
Insert into ATTILA.NOTIFICATIONS (ID,USER_ID,MESSAGE,CREATED_AT,SUBSCRIPTION_ID) values ('58','18','Előfizetésed sikeresen megújult!',to_date('25-MÁJ.  -10','RR-MON-DD'),'52');
Insert into ATTILA.NOTIFICATIONS (ID,USER_ID,MESSAGE,CREATED_AT,SUBSCRIPTION_ID) values ('59','19','Új szolgáltatás elérhető!',to_date('25-MÁJ.  -09','RR-MON-DD'),'53');
Insert into ATTILA.NOTIFICATIONS (ID,USER_ID,MESSAGE,CREATED_AT,SUBSCRIPTION_ID) values ('60','20','Fizetésed feldolgozás alatt.',to_date('25-MÁJ.  -08','RR-MON-DD'),'54');
Insert into ATTILA.NOTIFICATIONS (ID,USER_ID,MESSAGE,CREATED_AT,SUBSCRIPTION_ID) values ('61','21','Előfizetésed sikeresen megújult!',to_date('25-MÁJ.  -07','RR-MON-DD'),'55');
Insert into ATTILA.NOTIFICATIONS (ID,USER_ID,MESSAGE,CREATED_AT,SUBSCRIPTION_ID) values ('62','22','Új szolgáltatás elérhető!',to_date('25-MÁJ.  -06','RR-MON-DD'),'56');
Insert into ATTILA.NOTIFICATIONS (ID,USER_ID,MESSAGE,CREATED_AT,SUBSCRIPTION_ID) values ('63','23','Fizetésed feldolgozás alatt.',to_date('25-MÁJ.  -05','RR-MON-DD'),'57');
Insert into ATTILA.NOTIFICATIONS (ID,USER_ID,MESSAGE,CREATED_AT,SUBSCRIPTION_ID) values ('64','24','Előfizetésed sikeresen megújult!',to_date('25-MÁJ.  -04','RR-MON-DD'),'58');
Insert into ATTILA.NOTIFICATIONS (ID,USER_ID,MESSAGE,CREATED_AT,SUBSCRIPTION_ID) values ('65','25','Új szolgáltatás elérhető!',to_date('25-MÁJ.  -03','RR-MON-DD'),'59');
Insert into ATTILA.NOTIFICATIONS (ID,USER_ID,MESSAGE,CREATED_AT,SUBSCRIPTION_ID) values ('66','26','Fizetésed feldolgozás alatt.',to_date('25-MÁJ.  -02','RR-MON-DD'),'60');
Insert into ATTILA.NOTIFICATIONS (ID,USER_ID,MESSAGE,CREATED_AT,SUBSCRIPTION_ID) values ('67','9','Előfizetésed sikeresen megújult!',to_date('25-MÁJ.  -01','RR-MON-DD'),'61');
Insert into ATTILA.NOTIFICATIONS (ID,USER_ID,MESSAGE,CREATED_AT,SUBSCRIPTION_ID) values ('68','10','Új szolgáltatás elérhető!',to_date('25-ÁPR.  -30','RR-MON-DD'),'62');
Insert into ATTILA.NOTIFICATIONS (ID,USER_ID,MESSAGE,CREATED_AT,SUBSCRIPTION_ID) values ('69','6','Fizetésed feldolgozás alatt.',to_date('25-ÁPR.  -29','RR-MON-DD'),'63');
Insert into ATTILA.NOTIFICATIONS (ID,USER_ID,MESSAGE,CREATED_AT,SUBSCRIPTION_ID) values ('70','7','Előfizetésed sikeresen megújult!',to_date('25-ÁPR.  -28','RR-MON-DD'),'64');
Insert into ATTILA.NOTIFICATIONS (ID,USER_ID,MESSAGE,CREATED_AT,SUBSCRIPTION_ID) values ('21','9','Az Ön VPS előfizetése hamarosan lejár. Kérjük, hosszabbítsa meg!',to_date('25-MÁJ.  -07','RR-MON-DD'),'24');
Insert into ATTILA.NOTIFICATIONS (ID,USER_ID,MESSAGE,CREATED_AT,SUBSCRIPTION_ID) values ('41','9','Az Ön Webstorage előfizetése hamarosan lejár. Kérjük, hosszabbítsa meg!',to_date('25-MÁJ.  -07','RR-MON-DD'),'44');
REM INSERTING into ATTILA.PAYMENT
SET DEFINE OFF;
Insert into ATTILA.PAYMENT (PAYMENT_ID,USER_ID,SUBSCRIPTION_ID,AMOUNT,DUE_DATE,METHOD) values ('62','11','45','12000',to_date('25-MÁJ.  -17','RR-MON-DD'),'Bankkártya');
Insert into ATTILA.PAYMENT (PAYMENT_ID,USER_ID,SUBSCRIPTION_ID,AMOUNT,DUE_DATE,METHOD) values ('63','12','46','13000',to_date('25-MÁJ.  -17','RR-MON-DD'),'Átutalás');
Insert into ATTILA.PAYMENT (PAYMENT_ID,USER_ID,SUBSCRIPTION_ID,AMOUNT,DUE_DATE,METHOD) values ('64','13','47','14000',to_date('25-MÁJ.  -17','RR-MON-DD'),'Bankkártya');
Insert into ATTILA.PAYMENT (PAYMENT_ID,USER_ID,SUBSCRIPTION_ID,AMOUNT,DUE_DATE,METHOD) values ('65','14','48','15000',to_date('25-MÁJ.  -17','RR-MON-DD'),'Átutalás');
Insert into ATTILA.PAYMENT (PAYMENT_ID,USER_ID,SUBSCRIPTION_ID,AMOUNT,DUE_DATE,METHOD) values ('66','15','49','16000',to_date('25-MÁJ.  -17','RR-MON-DD'),'Bankkártya');
Insert into ATTILA.PAYMENT (PAYMENT_ID,USER_ID,SUBSCRIPTION_ID,AMOUNT,DUE_DATE,METHOD) values ('67','16','50','17000',to_date('25-MÁJ.  -17','RR-MON-DD'),'Átutalás');
Insert into ATTILA.PAYMENT (PAYMENT_ID,USER_ID,SUBSCRIPTION_ID,AMOUNT,DUE_DATE,METHOD) values ('68','17','51','18000',to_date('25-MÁJ.  -17','RR-MON-DD'),'Bankkártya');
Insert into ATTILA.PAYMENT (PAYMENT_ID,USER_ID,SUBSCRIPTION_ID,AMOUNT,DUE_DATE,METHOD) values ('69','18','52','19000',to_date('25-MÁJ.  -17','RR-MON-DD'),'Átutalás');
Insert into ATTILA.PAYMENT (PAYMENT_ID,USER_ID,SUBSCRIPTION_ID,AMOUNT,DUE_DATE,METHOD) values ('70','19','53','20000',to_date('25-MÁJ.  -17','RR-MON-DD'),'Bankkártya');
Insert into ATTILA.PAYMENT (PAYMENT_ID,USER_ID,SUBSCRIPTION_ID,AMOUNT,DUE_DATE,METHOD) values ('71','20','54','21000',to_date('25-MÁJ.  -17','RR-MON-DD'),'Átutalás');
Insert into ATTILA.PAYMENT (PAYMENT_ID,USER_ID,SUBSCRIPTION_ID,AMOUNT,DUE_DATE,METHOD) values ('72','21','55','22000',to_date('25-MÁJ.  -17','RR-MON-DD'),'Bankkártya');
Insert into ATTILA.PAYMENT (PAYMENT_ID,USER_ID,SUBSCRIPTION_ID,AMOUNT,DUE_DATE,METHOD) values ('73','22','56','23000',to_date('25-MÁJ.  -17','RR-MON-DD'),'Átutalás');
Insert into ATTILA.PAYMENT (PAYMENT_ID,USER_ID,SUBSCRIPTION_ID,AMOUNT,DUE_DATE,METHOD) values ('74','23','57','24000',to_date('25-MÁJ.  -17','RR-MON-DD'),'Bankkártya');
Insert into ATTILA.PAYMENT (PAYMENT_ID,USER_ID,SUBSCRIPTION_ID,AMOUNT,DUE_DATE,METHOD) values ('75','24','58','25000',to_date('25-MÁJ.  -17','RR-MON-DD'),'Átutalás');
Insert into ATTILA.PAYMENT (PAYMENT_ID,USER_ID,SUBSCRIPTION_ID,AMOUNT,DUE_DATE,METHOD) values ('76','25','59','26000',to_date('25-MÁJ.  -17','RR-MON-DD'),'Bankkártya');
Insert into ATTILA.PAYMENT (PAYMENT_ID,USER_ID,SUBSCRIPTION_ID,AMOUNT,DUE_DATE,METHOD) values ('77','26','60','27000',to_date('25-MÁJ.  -17','RR-MON-DD'),'Átutalás');
Insert into ATTILA.PAYMENT (PAYMENT_ID,USER_ID,SUBSCRIPTION_ID,AMOUNT,DUE_DATE,METHOD) values ('78','9','61','28000',to_date('25-MÁJ.  -17','RR-MON-DD'),'Bankkártya');
Insert into ATTILA.PAYMENT (PAYMENT_ID,USER_ID,SUBSCRIPTION_ID,AMOUNT,DUE_DATE,METHOD) values ('79','10','62','29000',to_date('25-MÁJ.  -17','RR-MON-DD'),'Átutalás');
Insert into ATTILA.PAYMENT (PAYMENT_ID,USER_ID,SUBSCRIPTION_ID,AMOUNT,DUE_DATE,METHOD) values ('80','6','63','30000',to_date('25-MÁJ.  -17','RR-MON-DD'),'Bankkártya');
Insert into ATTILA.PAYMENT (PAYMENT_ID,USER_ID,SUBSCRIPTION_ID,AMOUNT,DUE_DATE,METHOD) values ('61','9','24','10000',to_date('25-MÁJ.  -12','RR-MON-DD'),'Bankkártya');
REM INSERTING into ATTILA.SERVICE
SET DEFINE OFF;
Insert into ATTILA.SERVICE (ID,PRICE,SERVICE_TYPE,VPS_ID,WEBSTORAGE_ID) values ('6','20000','VPS','6',null);
Insert into ATTILA.SERVICE (ID,PRICE,SERVICE_TYPE,VPS_ID,WEBSTORAGE_ID) values ('7','22000','Webstorage',null,'7');
Insert into ATTILA.SERVICE (ID,PRICE,SERVICE_TYPE,VPS_ID,WEBSTORAGE_ID) values ('8','24000','VPS','8',null);
Insert into ATTILA.SERVICE (ID,PRICE,SERVICE_TYPE,VPS_ID,WEBSTORAGE_ID) values ('9','26000','Webstorage',null,'8');
Insert into ATTILA.SERVICE (ID,PRICE,SERVICE_TYPE,VPS_ID,WEBSTORAGE_ID) values ('10','28000','VPS','9',null);
Insert into ATTILA.SERVICE (ID,PRICE,SERVICE_TYPE,VPS_ID,WEBSTORAGE_ID) values ('11','30000','Webstorage',null,'9');
Insert into ATTILA.SERVICE (ID,PRICE,SERVICE_TYPE,VPS_ID,WEBSTORAGE_ID) values ('12','32000','VPS','10',null);
Insert into ATTILA.SERVICE (ID,PRICE,SERVICE_TYPE,VPS_ID,WEBSTORAGE_ID) values ('13','34000','Webstorage',null,'10');
Insert into ATTILA.SERVICE (ID,PRICE,SERVICE_TYPE,VPS_ID,WEBSTORAGE_ID) values ('14','36000','VPS','1',null);
Insert into ATTILA.SERVICE (ID,PRICE,SERVICE_TYPE,VPS_ID,WEBSTORAGE_ID) values ('15','38000','Webstorage',null,'1');
Insert into ATTILA.SERVICE (ID,PRICE,SERVICE_TYPE,VPS_ID,WEBSTORAGE_ID) values ('16','40000','VPS','2',null);
Insert into ATTILA.SERVICE (ID,PRICE,SERVICE_TYPE,VPS_ID,WEBSTORAGE_ID) values ('17','42000','Webstorage',null,'2');
Insert into ATTILA.SERVICE (ID,PRICE,SERVICE_TYPE,VPS_ID,WEBSTORAGE_ID) values ('18','44000','VPS','3',null);
Insert into ATTILA.SERVICE (ID,PRICE,SERVICE_TYPE,VPS_ID,WEBSTORAGE_ID) values ('19','46000','Webstorage',null,'3');
Insert into ATTILA.SERVICE (ID,PRICE,SERVICE_TYPE,VPS_ID,WEBSTORAGE_ID) values ('20','48000','Webstorage',null,'4');
Insert into ATTILA.SERVICE (ID,PRICE,SERVICE_TYPE,VPS_ID,WEBSTORAGE_ID) values ('1','10000','VPS','1',null);
Insert into ATTILA.SERVICE (ID,PRICE,SERVICE_TYPE,VPS_ID,WEBSTORAGE_ID) values ('2','12000','Webstorage',null,'2');
Insert into ATTILA.SERVICE (ID,PRICE,SERVICE_TYPE,VPS_ID,WEBSTORAGE_ID) values ('3','14000','VPS','3',null);
Insert into ATTILA.SERVICE (ID,PRICE,SERVICE_TYPE,VPS_ID,WEBSTORAGE_ID) values ('4','16000','Webstorage',null,'4');
Insert into ATTILA.SERVICE (ID,PRICE,SERVICE_TYPE,VPS_ID,WEBSTORAGE_ID) values ('5','18000','VPS','5',null);
REM INSERTING into ATTILA.SUBSCRIPTION
SET DEFINE OFF;
Insert into ATTILA.SUBSCRIPTION (ID,USER_ID,SERVICE_ID,START_DATE,END_DATE,STATUS) values ('45','11','6',to_date('25-ÁPR.  -18','RR-MON-DD'),to_date('25-MÁJ.  -17','RR-MON-DD'),'Lejárt');
Insert into ATTILA.SUBSCRIPTION (ID,USER_ID,SERVICE_ID,START_DATE,END_DATE,STATUS) values ('46','12','7',to_date('25-ÁPR.  -28','RR-MON-DD'),to_date('25-MÁJ.  -28','RR-MON-DD'),'Aktív');
Insert into ATTILA.SUBSCRIPTION (ID,USER_ID,SERVICE_ID,START_DATE,END_DATE,STATUS) values ('47','13','8',to_date('25-MÁJ.  -03','RR-MON-DD'),to_date('25-JÚN.  -02','RR-MON-DD'),'Aktív');
Insert into ATTILA.SUBSCRIPTION (ID,USER_ID,SERVICE_ID,START_DATE,END_DATE,STATUS) values ('48','14','9',to_date('25-MÁJ.  -08','RR-MON-DD'),to_date('25-JÚN.  -07','RR-MON-DD'),'Aktív');
Insert into ATTILA.SUBSCRIPTION (ID,USER_ID,SERVICE_ID,START_DATE,END_DATE,STATUS) values ('49','15','10',to_date('25-MÁJ.  -13','RR-MON-DD'),to_date('25-JÚN.  -12','RR-MON-DD'),'Aktív');
Insert into ATTILA.SUBSCRIPTION (ID,USER_ID,SERVICE_ID,START_DATE,END_DATE,STATUS) values ('50','16','11',to_date('25-MÁJ.  -16','RR-MON-DD'),to_date('25-JÚN.  -15','RR-MON-DD'),'Aktív');
Insert into ATTILA.SUBSCRIPTION (ID,USER_ID,SERVICE_ID,START_DATE,END_DATE,STATUS) values ('51','17','12',to_date('25-MÁJ.  -17','RR-MON-DD'),to_date('25-JÚN.  -16','RR-MON-DD'),'Aktív');
Insert into ATTILA.SUBSCRIPTION (ID,USER_ID,SERVICE_ID,START_DATE,END_DATE,STATUS) values ('52','18','13',to_date('25-MÁJ.  -17','RR-MON-DD'),to_date('25-JÚN.  -16','RR-MON-DD'),'Aktív');
Insert into ATTILA.SUBSCRIPTION (ID,USER_ID,SERVICE_ID,START_DATE,END_DATE,STATUS) values ('53','19','14',to_date('25-MÁJ.  -17','RR-MON-DD'),to_date('25-JÚN.  -16','RR-MON-DD'),'Aktív');
Insert into ATTILA.SUBSCRIPTION (ID,USER_ID,SERVICE_ID,START_DATE,END_DATE,STATUS) values ('54','20','15',to_date('25-MÁJ.  -17','RR-MON-DD'),to_date('25-JÚN.  -16','RR-MON-DD'),'Aktív');
Insert into ATTILA.SUBSCRIPTION (ID,USER_ID,SERVICE_ID,START_DATE,END_DATE,STATUS) values ('55','21','16',to_date('25-MÁJ.  -17','RR-MON-DD'),to_date('25-JÚN.  -16','RR-MON-DD'),'Aktív');
Insert into ATTILA.SUBSCRIPTION (ID,USER_ID,SERVICE_ID,START_DATE,END_DATE,STATUS) values ('56','22','17',to_date('25-MÁJ.  -17','RR-MON-DD'),to_date('25-JÚN.  -16','RR-MON-DD'),'Aktív');
Insert into ATTILA.SUBSCRIPTION (ID,USER_ID,SERVICE_ID,START_DATE,END_DATE,STATUS) values ('57','23','18',to_date('25-MÁJ.  -17','RR-MON-DD'),to_date('25-JÚN.  -16','RR-MON-DD'),'Aktív');
Insert into ATTILA.SUBSCRIPTION (ID,USER_ID,SERVICE_ID,START_DATE,END_DATE,STATUS) values ('58','24','19',to_date('25-MÁJ.  -17','RR-MON-DD'),to_date('25-JÚN.  -16','RR-MON-DD'),'Aktív');
Insert into ATTILA.SUBSCRIPTION (ID,USER_ID,SERVICE_ID,START_DATE,END_DATE,STATUS) values ('59','25','20',to_date('25-MÁJ.  -17','RR-MON-DD'),to_date('25-JÚN.  -16','RR-MON-DD'),'Aktív');
Insert into ATTILA.SUBSCRIPTION (ID,USER_ID,SERVICE_ID,START_DATE,END_DATE,STATUS) values ('60','26','5',to_date('25-MÁJ.  -17','RR-MON-DD'),to_date('25-JÚN.  -16','RR-MON-DD'),'Aktív');
Insert into ATTILA.SUBSCRIPTION (ID,USER_ID,SERVICE_ID,START_DATE,END_DATE,STATUS) values ('61','9','2',to_date('25-MÁJ.  -17','RR-MON-DD'),to_date('25-JÚN.  -16','RR-MON-DD'),'Aktív');
Insert into ATTILA.SUBSCRIPTION (ID,USER_ID,SERVICE_ID,START_DATE,END_DATE,STATUS) values ('62','10','3',to_date('25-MÁJ.  -17','RR-MON-DD'),to_date('25-JÚN.  -16','RR-MON-DD'),'Aktív');
Insert into ATTILA.SUBSCRIPTION (ID,USER_ID,SERVICE_ID,START_DATE,END_DATE,STATUS) values ('63','6','4',to_date('25-MÁJ.  -17','RR-MON-DD'),to_date('25-JÚN.  -16','RR-MON-DD'),'Aktív');
Insert into ATTILA.SUBSCRIPTION (ID,USER_ID,SERVICE_ID,START_DATE,END_DATE,STATUS) values ('64','7','1',to_date('25-MÁJ.  -17','RR-MON-DD'),to_date('25-JÚN.  -16','RR-MON-DD'),'Aktív');
Insert into ATTILA.SUBSCRIPTION (ID,USER_ID,SERVICE_ID,START_DATE,END_DATE,STATUS) values ('66','11','3',to_date('25-MÁJ.  -17','RR-MON-DD'),to_date('25-JÚN.  -16','RR-MON-DD'),'Aktív');
Insert into ATTILA.SUBSCRIPTION (ID,USER_ID,SERVICE_ID,START_DATE,END_DATE,STATUS) values ('67','12','4',to_date('25-MÁJ.  -17','RR-MON-DD'),to_date('25-JÚN.  -16','RR-MON-DD'),'Aktív');
Insert into ATTILA.SUBSCRIPTION (ID,USER_ID,SERVICE_ID,START_DATE,END_DATE,STATUS) values ('68','13','5',to_date('25-MÁJ.  -17','RR-MON-DD'),to_date('25-JÚN.  -16','RR-MON-DD'),'Aktív');
Insert into ATTILA.SUBSCRIPTION (ID,USER_ID,SERVICE_ID,START_DATE,END_DATE,STATUS) values ('69','14','6',to_date('25-MÁJ.  -17','RR-MON-DD'),to_date('25-JÚN.  -16','RR-MON-DD'),'Aktív');
Insert into ATTILA.SUBSCRIPTION (ID,USER_ID,SERVICE_ID,START_DATE,END_DATE,STATUS) values ('70','15','7',to_date('25-MÁJ.  -17','RR-MON-DD'),to_date('25-JÚN.  -16','RR-MON-DD'),'Aktív');
Insert into ATTILA.SUBSCRIPTION (ID,USER_ID,SERVICE_ID,START_DATE,END_DATE,STATUS) values ('71','16','8',to_date('25-MÁJ.  -17','RR-MON-DD'),to_date('25-JÚN.  -16','RR-MON-DD'),'Aktív');
Insert into ATTILA.SUBSCRIPTION (ID,USER_ID,SERVICE_ID,START_DATE,END_DATE,STATUS) values ('72','17','9',to_date('25-MÁJ.  -17','RR-MON-DD'),to_date('25-JÚN.  -16','RR-MON-DD'),'Aktív');
Insert into ATTILA.SUBSCRIPTION (ID,USER_ID,SERVICE_ID,START_DATE,END_DATE,STATUS) values ('73','18','10',to_date('25-MÁJ.  -17','RR-MON-DD'),to_date('25-JÚN.  -16','RR-MON-DD'),'Aktív');
Insert into ATTILA.SUBSCRIPTION (ID,USER_ID,SERVICE_ID,START_DATE,END_DATE,STATUS) values ('74','19','11',to_date('25-MÁJ.  -17','RR-MON-DD'),to_date('25-JÚN.  -16','RR-MON-DD'),'Aktív');
Insert into ATTILA.SUBSCRIPTION (ID,USER_ID,SERVICE_ID,START_DATE,END_DATE,STATUS) values ('75','20','12',to_date('25-MÁJ.  -17','RR-MON-DD'),to_date('25-JÚN.  -16','RR-MON-DD'),'Aktív');
Insert into ATTILA.SUBSCRIPTION (ID,USER_ID,SERVICE_ID,START_DATE,END_DATE,STATUS) values ('24','9','1',to_date('25-MÁJ.  -07','RR-MON-DD'),to_date('25-MÁJ.  -13','RR-MON-DD'),'Aktív');
Insert into ATTILA.SUBSCRIPTION (ID,USER_ID,SERVICE_ID,START_DATE,END_DATE,STATUS) values ('44','9','4',to_date('25-MÁJ.  -06','RR-MON-DD'),to_date('25-MÁJ.  -09','RR-MON-DD'),'Aktív');
REM INSERTING into ATTILA.USERS
SET DEFINE OFF;
Insert into ATTILA.USERS (USER_ID,USERNAME,EMAIL,PASSWORD_HASH,ROLE) values ('11','user11','user11@email.com','hash','user');
Insert into ATTILA.USERS (USER_ID,USERNAME,EMAIL,PASSWORD_HASH,ROLE) values ('12','user12','user12@email.com','hash','user');
Insert into ATTILA.USERS (USER_ID,USERNAME,EMAIL,PASSWORD_HASH,ROLE) values ('13','user13','user13@email.com','hash','user');
Insert into ATTILA.USERS (USER_ID,USERNAME,EMAIL,PASSWORD_HASH,ROLE) values ('14','user14','user14@email.com','hash','user');
Insert into ATTILA.USERS (USER_ID,USERNAME,EMAIL,PASSWORD_HASH,ROLE) values ('15','user15','user15@email.com','hash','user');
Insert into ATTILA.USERS (USER_ID,USERNAME,EMAIL,PASSWORD_HASH,ROLE) values ('16','user16','user16@email.com','hash','user');
Insert into ATTILA.USERS (USER_ID,USERNAME,EMAIL,PASSWORD_HASH,ROLE) values ('17','user17','user17@email.com','hash','user');
Insert into ATTILA.USERS (USER_ID,USERNAME,EMAIL,PASSWORD_HASH,ROLE) values ('18','user18','user18@email.com','hash','user');
Insert into ATTILA.USERS (USER_ID,USERNAME,EMAIL,PASSWORD_HASH,ROLE) values ('19','user19','user19@email.com','hash','user');
Insert into ATTILA.USERS (USER_ID,USERNAME,EMAIL,PASSWORD_HASH,ROLE) values ('20','user20','user20@email.com','hash','user');
Insert into ATTILA.USERS (USER_ID,USERNAME,EMAIL,PASSWORD_HASH,ROLE) values ('21','user21','user21@email.com','hash','user');
Insert into ATTILA.USERS (USER_ID,USERNAME,EMAIL,PASSWORD_HASH,ROLE) values ('22','user22','user22@email.com','hash','user');
Insert into ATTILA.USERS (USER_ID,USERNAME,EMAIL,PASSWORD_HASH,ROLE) values ('23','user23','user23@email.com','hash','user');
Insert into ATTILA.USERS (USER_ID,USERNAME,EMAIL,PASSWORD_HASH,ROLE) values ('24','user24','user24@email.com','hash','user');
Insert into ATTILA.USERS (USER_ID,USERNAME,EMAIL,PASSWORD_HASH,ROLE) values ('25','user25','user25@email.com','hash','user');
Insert into ATTILA.USERS (USER_ID,USERNAME,EMAIL,PASSWORD_HASH,ROLE) values ('26','user26','user26@email.com','hash','user');
Insert into ATTILA.USERS (USER_ID,USERNAME,EMAIL,PASSWORD_HASH,ROLE) values ('6','teszt','teszt@gmail.com','$2y$10$MpY7V.lSiY.Pn2FdxymhIO.MX0exfwFjoqSB9g2AJyvjEJmkXxtpO','user');
Insert into ATTILA.USERS (USER_ID,USERNAME,EMAIL,PASSWORD_HASH,ROLE) values ('7','probaproba','proba123456@gmail.com','$2y$10$IliS9xrvSbpwa6Mw3M/nz.8478s59yo6/cQ.99aAw2uWLNJOa5GEq','user');
Insert into ATTILA.USERS (USER_ID,USERNAME,EMAIL,PASSWORD_HASH,ROLE) values ('9','Ati','Ati@gmail.com','$2y$10$69rWRdSRtGBiofnCu9XPJuLu9QHm1vBhwDMmwbGXiIoTJN5QFXzou','admin');
Insert into ATTILA.USERS (USER_ID,USERNAME,EMAIL,PASSWORD_HASH,ROLE) values ('10','teszt','teszt@teszt.com','$2y$10$apRLtBAGijfP/3e5p4IQqOXSD/gsrYq/hFgRS1gpr5HcZ9yS663.2','user');
REM INSERTING into ATTILA.VPS
SET DEFINE OFF;
Insert into ATTILA.VPS (ID,SERVER_SPECS) values ('6','2 Core, 4GB RAM, 60GB SSD');
Insert into ATTILA.VPS (ID,SERVER_SPECS) values ('7','4 Core, 8GB RAM, 120GB SSD');
Insert into ATTILA.VPS (ID,SERVER_SPECS) values ('8','8 Core, 16GB RAM, 240GB SSD');
Insert into ATTILA.VPS (ID,SERVER_SPECS) values ('9','16 Core, 32GB RAM, 480GB SSD');
Insert into ATTILA.VPS (ID,SERVER_SPECS) values ('10','32 Core, 64GB RAM, 960GB SSD');
Insert into ATTILA.VPS (ID,SERVER_SPECS) values ('1','4 Core, 16GB RAM, 200GB SSD');
Insert into ATTILA.VPS (ID,SERVER_SPECS) values ('2','8 Core, 32GB RAM, 500GB SSD');
Insert into ATTILA.VPS (ID,SERVER_SPECS) values ('3','2 Core, 8GB RAM, 100GB SSD');
Insert into ATTILA.VPS (ID,SERVER_SPECS) values ('4','16 Core, 64GB RAM, 1TB SSD');
Insert into ATTILA.VPS (ID,SERVER_SPECS) values ('5','1 Core, 4GB RAM, 50GB SSD');
REM INSERTING into ATTILA.WEBSITE
SET DEFINE OFF;
Insert into ATTILA.WEBSITE (ID,USER_ID,WEBSTORAGE_ID,ADDRESS) values ('2','11','5','user11site.com');
Insert into ATTILA.WEBSITE (ID,USER_ID,WEBSTORAGE_ID,ADDRESS) values ('3','12','6','user12site.com');
Insert into ATTILA.WEBSITE (ID,USER_ID,WEBSTORAGE_ID,ADDRESS) values ('4','13','7','user13site.com');
Insert into ATTILA.WEBSITE (ID,USER_ID,WEBSTORAGE_ID,ADDRESS) values ('5','14','8','user14site.com');
Insert into ATTILA.WEBSITE (ID,USER_ID,WEBSTORAGE_ID,ADDRESS) values ('6','15','9','user15site.com');
Insert into ATTILA.WEBSITE (ID,USER_ID,WEBSTORAGE_ID,ADDRESS) values ('7','16','10','user16site.com');
Insert into ATTILA.WEBSITE (ID,USER_ID,WEBSTORAGE_ID,ADDRESS) values ('8','17','1','user17site.com');
Insert into ATTILA.WEBSITE (ID,USER_ID,WEBSTORAGE_ID,ADDRESS) values ('9','18','2','user18site.com');
Insert into ATTILA.WEBSITE (ID,USER_ID,WEBSTORAGE_ID,ADDRESS) values ('10','19','3','user19site.com');
Insert into ATTILA.WEBSITE (ID,USER_ID,WEBSTORAGE_ID,ADDRESS) values ('11','20','4','user20site.com');
Insert into ATTILA.WEBSITE (ID,USER_ID,WEBSTORAGE_ID,ADDRESS) values ('12','21','5','user21site.com');
Insert into ATTILA.WEBSITE (ID,USER_ID,WEBSTORAGE_ID,ADDRESS) values ('13','22','6','user22site.com');
Insert into ATTILA.WEBSITE (ID,USER_ID,WEBSTORAGE_ID,ADDRESS) values ('14','23','7','user23site.com');
Insert into ATTILA.WEBSITE (ID,USER_ID,WEBSTORAGE_ID,ADDRESS) values ('15','24','8','user24site.com');
Insert into ATTILA.WEBSITE (ID,USER_ID,WEBSTORAGE_ID,ADDRESS) values ('16','25','9','user25site.com');
Insert into ATTILA.WEBSITE (ID,USER_ID,WEBSTORAGE_ID,ADDRESS) values ('17','26','10','user26site.com');
Insert into ATTILA.WEBSITE (ID,USER_ID,WEBSTORAGE_ID,ADDRESS) values ('18','9','1','ati-site.com');
Insert into ATTILA.WEBSITE (ID,USER_ID,WEBSTORAGE_ID,ADDRESS) values ('19','10','2','teszt-site.com');
Insert into ATTILA.WEBSITE (ID,USER_ID,WEBSTORAGE_ID,ADDRESS) values ('20','6','3','teszt2-site.com');
Insert into ATTILA.WEBSITE (ID,USER_ID,WEBSTORAGE_ID,ADDRESS) values ('1','9','4','teszt.com');
REM INSERTING into ATTILA.WEBSTORAGE
SET DEFINE OFF;
Insert into ATTILA.WEBSTORAGE (ID,NAME,DESCRIPTION,STORAGE_SPACE) values ('6','Tárhely6','Extra tárhely','150');
Insert into ATTILA.WEBSTORAGE (ID,NAME,DESCRIPTION,STORAGE_SPACE) values ('7','Tárhely7','Extra tárhely','250');
Insert into ATTILA.WEBSTORAGE (ID,NAME,DESCRIPTION,STORAGE_SPACE) values ('8','Tárhely8','Extra tárhely','350');
Insert into ATTILA.WEBSTORAGE (ID,NAME,DESCRIPTION,STORAGE_SPACE) values ('9','Tárhely9','Extra tárhely','450');
Insert into ATTILA.WEBSTORAGE (ID,NAME,DESCRIPTION,STORAGE_SPACE) values ('10','Tárhely10','Extra tárhely','550');
Insert into ATTILA.WEBSTORAGE (ID,NAME,DESCRIPTION,STORAGE_SPACE) values ('1','Tárhely1','Alap tárhely','100');
Insert into ATTILA.WEBSTORAGE (ID,NAME,DESCRIPTION,STORAGE_SPACE) values ('2','Tárhely2','Premium tarhely','200');
Insert into ATTILA.WEBSTORAGE (ID,NAME,DESCRIPTION,STORAGE_SPACE) values ('3','Tárhely3','Business tarhely','500');
Insert into ATTILA.WEBSTORAGE (ID,NAME,DESCRIPTION,STORAGE_SPACE) values ('4','Tárhely4','Enterprise tarhely','1000');
Insert into ATTILA.WEBSTORAGE (ID,NAME,DESCRIPTION,STORAGE_SPACE) values ('5','Tárhely5','Szemelyes tarhely','50');
--------------------------------------------------------
--  DDL for Index PK_ASK
--------------------------------------------------------

  CREATE UNIQUE INDEX "ATTILA"."PK_ASK" ON "ATTILA"."ASK" ("USER_ID", "FAQ_ID") 
  PCTFREE 10 INITRANS 2 MAXTRANS 255 
  STORAGE(INITIAL 65536 NEXT 1048576 MINEXTENTS 1 MAXEXTENTS 2147483645
  PCTINCREASE 0 FREELISTS 1 FREELIST GROUPS 1
  BUFFER_POOL DEFAULT FLASH_CACHE DEFAULT CELL_FLASH_CACHE DEFAULT)
  TABLESPACE "USERS" ;
--------------------------------------------------------
--  DDL for Index SYS_C0010136
--------------------------------------------------------

  CREATE UNIQUE INDEX "ATTILA"."SYS_C0010136" ON "ATTILA"."DATABASES" ("ID") 
  PCTFREE 10 INITRANS 2 MAXTRANS 255 
  STORAGE(INITIAL 65536 NEXT 1048576 MINEXTENTS 1 MAXEXTENTS 2147483645
  PCTINCREASE 0 FREELISTS 1 FREELIST GROUPS 1
  BUFFER_POOL DEFAULT FLASH_CACHE DEFAULT CELL_FLASH_CACHE DEFAULT)
  TABLESPACE "USERS" ;
--------------------------------------------------------
--  DDL for Index SYS_C0010089
--------------------------------------------------------

  CREATE UNIQUE INDEX "ATTILA"."SYS_C0010089" ON "ATTILA"."FAQ" ("FAQ_ID") 
  PCTFREE 10 INITRANS 2 MAXTRANS 255 
  STORAGE(INITIAL 65536 NEXT 1048576 MINEXTENTS 1 MAXEXTENTS 2147483645
  PCTINCREASE 0 FREELISTS 1 FREELIST GROUPS 1
  BUFFER_POOL DEFAULT FLASH_CACHE DEFAULT CELL_FLASH_CACHE DEFAULT)
  TABLESPACE "USERS" ;
--------------------------------------------------------
--  DDL for Index SYS_C0010129
--------------------------------------------------------

  CREATE UNIQUE INDEX "ATTILA"."SYS_C0010129" ON "ATTILA"."NOTIFICATIONS" ("ID") 
  PCTFREE 10 INITRANS 2 MAXTRANS 255 
  STORAGE(INITIAL 65536 NEXT 1048576 MINEXTENTS 1 MAXEXTENTS 2147483645
  PCTINCREASE 0 FREELISTS 1 FREELIST GROUPS 1
  BUFFER_POOL DEFAULT FLASH_CACHE DEFAULT CELL_FLASH_CACHE DEFAULT)
  TABLESPACE "USERS" ;
--------------------------------------------------------
--  DDL for Index SYS_C0010119
--------------------------------------------------------

  CREATE UNIQUE INDEX "ATTILA"."SYS_C0010119" ON "ATTILA"."PAYMENT" ("PAYMENT_ID") 
  PCTFREE 10 INITRANS 2 MAXTRANS 255 
  STORAGE(INITIAL 65536 NEXT 1048576 MINEXTENTS 1 MAXEXTENTS 2147483645
  PCTINCREASE 0 FREELISTS 1 FREELIST GROUPS 1
  BUFFER_POOL DEFAULT FLASH_CACHE DEFAULT CELL_FLASH_CACHE DEFAULT)
  TABLESPACE "USERS" ;
--------------------------------------------------------
--  DDL for Index SYS_C0010106
--------------------------------------------------------

  CREATE UNIQUE INDEX "ATTILA"."SYS_C0010106" ON "ATTILA"."SERVICE" ("ID") 
  PCTFREE 10 INITRANS 2 MAXTRANS 255 
  STORAGE(INITIAL 65536 NEXT 1048576 MINEXTENTS 1 MAXEXTENTS 2147483645
  PCTINCREASE 0 FREELISTS 1 FREELIST GROUPS 1
  BUFFER_POOL DEFAULT FLASH_CACHE DEFAULT CELL_FLASH_CACHE DEFAULT)
  TABLESPACE "USERS" ;
--------------------------------------------------------
--  DDL for Index SYS_C0010112
--------------------------------------------------------

  CREATE UNIQUE INDEX "ATTILA"."SYS_C0010112" ON "ATTILA"."SUBSCRIPTION" ("ID") 
  PCTFREE 10 INITRANS 2 MAXTRANS 255 
  STORAGE(INITIAL 65536 NEXT 1048576 MINEXTENTS 1 MAXEXTENTS 2147483645
  PCTINCREASE 0 FREELISTS 1 FREELIST GROUPS 1
  BUFFER_POOL DEFAULT FLASH_CACHE DEFAULT CELL_FLASH_CACHE DEFAULT)
  TABLESPACE "USERS" ;
--------------------------------------------------------
--  DDL for Index SYS_C0010085
--------------------------------------------------------

  CREATE UNIQUE INDEX "ATTILA"."SYS_C0010085" ON "ATTILA"."USERS" ("USER_ID") 
  PCTFREE 10 INITRANS 2 MAXTRANS 255 
  STORAGE(INITIAL 65536 NEXT 1048576 MINEXTENTS 1 MAXEXTENTS 2147483645
  PCTINCREASE 0 FREELISTS 1 FREELIST GROUPS 1
  BUFFER_POOL DEFAULT FLASH_CACHE DEFAULT CELL_FLASH_CACHE DEFAULT)
  TABLESPACE "USERS" ;
--------------------------------------------------------
--  DDL for Index SYS_C0010086
--------------------------------------------------------

  CREATE UNIQUE INDEX "ATTILA"."SYS_C0010086" ON "ATTILA"."USERS" ("EMAIL") 
  PCTFREE 10 INITRANS 2 MAXTRANS 255 
  STORAGE(INITIAL 65536 NEXT 1048576 MINEXTENTS 1 MAXEXTENTS 2147483645
  PCTINCREASE 0 FREELISTS 1 FREELIST GROUPS 1
  BUFFER_POOL DEFAULT FLASH_CACHE DEFAULT CELL_FLASH_CACHE DEFAULT)
  TABLESPACE "USERS" ;
--------------------------------------------------------
--  DDL for Index SYS_C0010092
--------------------------------------------------------

  CREATE UNIQUE INDEX "ATTILA"."SYS_C0010092" ON "ATTILA"."VPS" ("ID") 
  PCTFREE 10 INITRANS 2 MAXTRANS 255 
  STORAGE(INITIAL 65536 NEXT 1048576 MINEXTENTS 1 MAXEXTENTS 2147483645
  PCTINCREASE 0 FREELISTS 1 FREELIST GROUPS 1
  BUFFER_POOL DEFAULT FLASH_CACHE DEFAULT CELL_FLASH_CACHE DEFAULT)
  TABLESPACE "USERS" ;
--------------------------------------------------------
--  DDL for Index SYS_C0010142
--------------------------------------------------------

  CREATE UNIQUE INDEX "ATTILA"."SYS_C0010142" ON "ATTILA"."WEBSITE" ("ID") 
  PCTFREE 10 INITRANS 2 MAXTRANS 255 
  STORAGE(INITIAL 65536 NEXT 1048576 MINEXTENTS 1 MAXEXTENTS 2147483645
  PCTINCREASE 0 FREELISTS 1 FREELIST GROUPS 1
  BUFFER_POOL DEFAULT FLASH_CACHE DEFAULT CELL_FLASH_CACHE DEFAULT)
  TABLESPACE "USERS" ;
--------------------------------------------------------
--  DDL for Index WEBSITE_ADDRESS_UQ
--------------------------------------------------------

  CREATE UNIQUE INDEX "ATTILA"."WEBSITE_ADDRESS_UQ" ON "ATTILA"."WEBSITE" ("ADDRESS") 
  PCTFREE 10 INITRANS 2 MAXTRANS 255 COMPUTE STATISTICS 
  STORAGE(INITIAL 65536 NEXT 1048576 MINEXTENTS 1 MAXEXTENTS 2147483645
  PCTINCREASE 0 FREELISTS 1 FREELIST GROUPS 1
  BUFFER_POOL DEFAULT FLASH_CACHE DEFAULT CELL_FLASH_CACHE DEFAULT)
  TABLESPACE "USERS" ;
--------------------------------------------------------
--  DDL for Index SYS_C0010102
--------------------------------------------------------

  CREATE UNIQUE INDEX "ATTILA"."SYS_C0010102" ON "ATTILA"."WEBSTORAGE" ("ID") 
  PCTFREE 10 INITRANS 2 MAXTRANS 255 
  STORAGE(INITIAL 65536 NEXT 1048576 MINEXTENTS 1 MAXEXTENTS 2147483645
  PCTINCREASE 0 FREELISTS 1 FREELIST GROUPS 1
  BUFFER_POOL DEFAULT FLASH_CACHE DEFAULT CELL_FLASH_CACHE DEFAULT)
  TABLESPACE "USERS" ;
--------------------------------------------------------
--  DDL for Trigger NOTIFYWEBSTORAGEEXPIRATION
--------------------------------------------------------

  CREATE OR REPLACE EDITIONABLE TRIGGER "ATTILA"."NOTIFYWEBSTORAGEEXPIRATION" 
AFTER INSERT OR UPDATE ON ATTILA.SUBSCRIPTION
FOR EACH ROW
 WHEN (NEW.SERVICE_ID IS NOT NULL AND NEW.END_DATE - SYSDATE <= 7 AND NEW.STATUS = 'Aktív') DECLARE
    v_service_type VARCHAR2(50);
BEGIN
    SELECT SERVICE_TYPE INTO v_service_type
    FROM ATTILA.SERVICE
    WHERE ID = :NEW.SERVICE_ID;

    IF v_service_type = 'Webstorage' THEN
        INSERT INTO ATTILA.NOTIFICATIONS (USER_ID, MESSAGE, SUBSCRIPTION_ID)
        VALUES (:NEW.USER_ID, 'Az Ön Webstorage előfizetése hamarosan lejár. Kérjük, hosszabbítsa meg!', :NEW.ID);
    END IF;
END;
/
ALTER TRIGGER "ATTILA"."NOTIFYWEBSTORAGEEXPIRATION" ENABLE;
--------------------------------------------------------
--  DDL for Trigger NOTIFYVPSEXPIRATION
--------------------------------------------------------

  CREATE OR REPLACE EDITIONABLE TRIGGER "ATTILA"."NOTIFYVPSEXPIRATION" 
AFTER INSERT OR UPDATE ON ATTILA.SUBSCRIPTION
FOR EACH ROW
 WHEN (NEW.SERVICE_ID IS NOT NULL AND NEW.END_DATE - SYSDATE <= 7 AND NEW.STATUS = 'Aktív') DECLARE
    v_service_type VARCHAR2(50);
BEGIN
    SELECT SERVICE_TYPE INTO v_service_type
    FROM ATTILA.SERVICE
    WHERE ID = :NEW.SERVICE_ID;

    IF v_service_type = 'VPS' THEN
        INSERT INTO ATTILA.NOTIFICATIONS (USER_ID, SUBSCRIPTION_ID, MESSAGE)
        VALUES (:NEW.USER_ID, :NEW.ID, 'Az Ön VPS előfizetése hamarosan lejár. Kérjük, hosszabbítsa meg!');
    END IF;
END;
/
ALTER TRIGGER "ATTILA"."NOTIFYVPSEXPIRATION" ENABLE;
--------------------------------------------------------
--  DDL for Trigger DELETENOTIFYONWEBSTORAGE
--------------------------------------------------------

  CREATE OR REPLACE EDITIONABLE TRIGGER "ATTILA"."DELETENOTIFYONWEBSTORAGE" 
AFTER DELETE ON ATTILA.SERVICE
FOR EACH ROW
BEGIN
    DELETE FROM ATTILA.NOTIFICATIONS
    WHERE USER_ID IN (
        SELECT USER_ID
        FROM ATTILA.SUBSCRIPTION s
        JOIN ATTILA.SERVICE srv ON s.SERVICE_ID = srv.ID
        WHERE srv.WEBSTORAGE_ID = :OLD.ID
    );

    DELETE FROM ATTILA.SUBSCRIPTION
    WHERE SERVICE_ID IN (
        SELECT ID
        FROM ATTILA.SERVICE
        WHERE WEBSTORAGE_ID = :OLD.ID
    );
END;
/
ALTER TRIGGER "ATTILA"."DELETENOTIFYONWEBSTORAGE" ENABLE;
--------------------------------------------------------
--  DDL for Trigger DELETENOTIFICATIONSONVPSDELETE
--------------------------------------------------------

  CREATE OR REPLACE EDITIONABLE TRIGGER "ATTILA"."DELETENOTIFICATIONSONVPSDELETE" 
AFTER DELETE ON ATTILA.VPS
FOR EACH ROW
BEGIN
    DELETE FROM ATTILA.NOTIFICATIONS
    WHERE USER_ID IN (
        SELECT USER_ID
        FROM ATTILA.SUBSCRIPTION s
        JOIN ATTILA.SERVICE srv ON s.SERVICE_ID = srv.ID
        WHERE srv.VPS_ID = :OLD.ID
    );

    DELETE FROM ATTILA.SUBSCRIPTION
    WHERE SERVICE_ID IN (
        SELECT ID
        FROM ATTILA.SERVICE
        WHERE VPS_ID = :OLD.ID
    );
END;

/
ALTER TRIGGER "ATTILA"."DELETENOTIFICATIONSONVPSDELETE" ENABLE;
--------------------------------------------------------
--  DDL for Trigger DELETENOTIFYONWEBSTORAGE
--------------------------------------------------------

  CREATE OR REPLACE EDITIONABLE TRIGGER "ATTILA"."DELETENOTIFYONWEBSTORAGE" 
AFTER DELETE ON ATTILA.SERVICE
FOR EACH ROW
BEGIN
    DELETE FROM ATTILA.NOTIFICATIONS
    WHERE USER_ID IN (
        SELECT USER_ID
        FROM ATTILA.SUBSCRIPTION s
        JOIN ATTILA.SERVICE srv ON s.SERVICE_ID = srv.ID
        WHERE srv.WEBSTORAGE_ID = :OLD.ID
    );

    DELETE FROM ATTILA.SUBSCRIPTION
    WHERE SERVICE_ID IN (
        SELECT ID
        FROM ATTILA.SERVICE
        WHERE WEBSTORAGE_ID = :OLD.ID
    );
END;
/
ALTER TRIGGER "ATTILA"."DELETENOTIFYONWEBSTORAGE" ENABLE;
--------------------------------------------------------
--  DDL for Trigger NOTIFYWEBSTORAGEEXPIRATION
--------------------------------------------------------

  CREATE OR REPLACE EDITIONABLE TRIGGER "ATTILA"."NOTIFYWEBSTORAGEEXPIRATION" 
AFTER INSERT OR UPDATE ON ATTILA.SUBSCRIPTION
FOR EACH ROW
 WHEN (NEW.SERVICE_ID IS NOT NULL AND NEW.END_DATE - SYSDATE <= 7 AND NEW.STATUS = 'Aktív') DECLARE
    v_service_type VARCHAR2(50);
BEGIN
    SELECT SERVICE_TYPE INTO v_service_type
    FROM ATTILA.SERVICE
    WHERE ID = :NEW.SERVICE_ID;

    IF v_service_type = 'Webstorage' THEN
        INSERT INTO ATTILA.NOTIFICATIONS (USER_ID, MESSAGE, SUBSCRIPTION_ID)
        VALUES (:NEW.USER_ID, 'Az Ön Webstorage előfizetése hamarosan lejár. Kérjük, hosszabbítsa meg!', :NEW.ID);
    END IF;
END;
/
ALTER TRIGGER "ATTILA"."NOTIFYWEBSTORAGEEXPIRATION" ENABLE;
--------------------------------------------------------
--  DDL for Trigger NOTIFYVPSEXPIRATION
--------------------------------------------------------

  CREATE OR REPLACE EDITIONABLE TRIGGER "ATTILA"."NOTIFYVPSEXPIRATION" 
AFTER INSERT OR UPDATE ON ATTILA.SUBSCRIPTION
FOR EACH ROW
 WHEN (NEW.SERVICE_ID IS NOT NULL AND NEW.END_DATE - SYSDATE <= 7 AND NEW.STATUS = 'Aktív') DECLARE
    v_service_type VARCHAR2(50);
BEGIN
    SELECT SERVICE_TYPE INTO v_service_type
    FROM ATTILA.SERVICE
    WHERE ID = :NEW.SERVICE_ID;

    IF v_service_type = 'VPS' THEN
        INSERT INTO ATTILA.NOTIFICATIONS (USER_ID, SUBSCRIPTION_ID, MESSAGE)
        VALUES (:NEW.USER_ID, :NEW.ID, 'Az Ön VPS előfizetése hamarosan lejár. Kérjük, hosszabbítsa meg!');
    END IF;
END;
/
ALTER TRIGGER "ATTILA"."NOTIFYVPSEXPIRATION" ENABLE;
--------------------------------------------------------
--  DDL for Trigger DELETENOTIFICATIONSONVPSDELETE
--------------------------------------------------------

  CREATE OR REPLACE EDITIONABLE TRIGGER "ATTILA"."DELETENOTIFICATIONSONVPSDELETE" 
AFTER DELETE ON ATTILA.VPS
FOR EACH ROW
BEGIN
    DELETE FROM ATTILA.NOTIFICATIONS
    WHERE USER_ID IN (
        SELECT USER_ID
        FROM ATTILA.SUBSCRIPTION s
        JOIN ATTILA.SERVICE srv ON s.SERVICE_ID = srv.ID
        WHERE srv.VPS_ID = :OLD.ID
    );

    DELETE FROM ATTILA.SUBSCRIPTION
    WHERE SERVICE_ID IN (
        SELECT ID
        FROM ATTILA.SERVICE
        WHERE VPS_ID = :OLD.ID
    );
END;

/
ALTER TRIGGER "ATTILA"."DELETENOTIFICATIONSONVPSDELETE" ENABLE;
--------------------------------------------------------
--  DDL for Procedure GET_USER_SERVICES
--------------------------------------------------------
set define off;

  CREATE OR REPLACE EDITIONABLE PROCEDURE "ATTILA"."GET_USER_SERVICES" (
    p_user_id IN NUMBER,
    p_cursor OUT SYS_REFCURSOR
) AS
BEGIN
    OPEN p_cursor FOR
        SELECT sub.ID AS subscription_id,
               srv.SERVICE_TYPE,
               srv.PRICE,
               sub.START_DATE,
               sub.END_DATE,
               sub.STATUS
        FROM ATTILA.SUBSCRIPTION sub
        JOIN ATTILA.SERVICE srv ON sub.SERVICE_ID = srv.ID
        WHERE sub.USER_ID = p_user_id;
END;

/
--------------------------------------------------------
--  DDL for Procedure GETACTIVESUBSCRIPTIONS
--------------------------------------------------------
set define off;

  CREATE OR REPLACE EDITIONABLE PROCEDURE "ATTILA"."GETACTIVESUBSCRIPTIONS" (
    p_user_id IN NUMBER
)
IS
BEGIN
    FOR rec IN (
        SELECT s.ID AS SUBSCRIPTION_ID, srv.SERVICE_TYPE, s.END_DATE
        FROM ATTILA.SUBSCRIPTION s
        JOIN ATTILA.SERVICE srv ON s.SERVICE_ID = srv.ID
        WHERE s.USER_ID = p_user_id AND s.STATUS = 'Aktív'
    )
    LOOP
        DBMS_OUTPUT.PUT_LINE('Előfizetés ID: ' || rec.SUBSCRIPTION_ID || 
                             ', Szolgáltatás: ' || rec.SERVICE_TYPE || 
                             ', Lejárat: ' || TO_CHAR(rec.END_DATE, 'YYYY-MM-DD'));
    END LOOP;
END;

/
--------------------------------------------------------
--  Constraints for Table ASK
--------------------------------------------------------

  ALTER TABLE "ATTILA"."ASK" ADD CONSTRAINT "PK_ASK" PRIMARY KEY ("USER_ID", "FAQ_ID")
  USING INDEX PCTFREE 10 INITRANS 2 MAXTRANS 255 
  STORAGE(INITIAL 65536 NEXT 1048576 MINEXTENTS 1 MAXEXTENTS 2147483645
  PCTINCREASE 0 FREELISTS 1 FREELIST GROUPS 1
  BUFFER_POOL DEFAULT FLASH_CACHE DEFAULT CELL_FLASH_CACHE DEFAULT)
  TABLESPACE "USERS"  ENABLE;
--------------------------------------------------------
--  Constraints for Table DATABASES
--------------------------------------------------------

  ALTER TABLE "ATTILA"."DATABASES" ADD PRIMARY KEY ("ID")
  USING INDEX PCTFREE 10 INITRANS 2 MAXTRANS 255 
  STORAGE(INITIAL 65536 NEXT 1048576 MINEXTENTS 1 MAXEXTENTS 2147483645
  PCTINCREASE 0 FREELISTS 1 FREELIST GROUPS 1
  BUFFER_POOL DEFAULT FLASH_CACHE DEFAULT CELL_FLASH_CACHE DEFAULT)
  TABLESPACE "USERS"  ENABLE;
  ALTER TABLE "ATTILA"."DATABASES" MODIFY ("NAME" NOT NULL ENABLE);
  ALTER TABLE "ATTILA"."DATABASES" MODIFY ("USER_ID" NOT NULL ENABLE);
  ALTER TABLE "ATTILA"."DATABASES" MODIFY ("ID" NOT NULL ENABLE);
--------------------------------------------------------
--  Constraints for Table FAQ
--------------------------------------------------------

  ALTER TABLE "ATTILA"."FAQ" ADD PRIMARY KEY ("FAQ_ID")
  USING INDEX PCTFREE 10 INITRANS 2 MAXTRANS 255 
  STORAGE(INITIAL 65536 NEXT 1048576 MINEXTENTS 1 MAXEXTENTS 2147483645
  PCTINCREASE 0 FREELISTS 1 FREELIST GROUPS 1
  BUFFER_POOL DEFAULT FLASH_CACHE DEFAULT CELL_FLASH_CACHE DEFAULT)
  TABLESPACE "USERS"  ENABLE;
  ALTER TABLE "ATTILA"."FAQ" MODIFY ("QUESTION" NOT NULL ENABLE);
  ALTER TABLE "ATTILA"."FAQ" MODIFY ("FAQ_ID" NOT NULL ENABLE);
--------------------------------------------------------
--  Constraints for Table NOTIFICATIONS
--------------------------------------------------------

  ALTER TABLE "ATTILA"."NOTIFICATIONS" ADD PRIMARY KEY ("ID")
  USING INDEX PCTFREE 10 INITRANS 2 MAXTRANS 255 
  STORAGE(INITIAL 65536 NEXT 1048576 MINEXTENTS 1 MAXEXTENTS 2147483645
  PCTINCREASE 0 FREELISTS 1 FREELIST GROUPS 1
  BUFFER_POOL DEFAULT FLASH_CACHE DEFAULT CELL_FLASH_CACHE DEFAULT)
  TABLESPACE "USERS"  ENABLE;
  ALTER TABLE "ATTILA"."NOTIFICATIONS" MODIFY ("CREATED_AT" NOT NULL ENABLE);
  ALTER TABLE "ATTILA"."NOTIFICATIONS" MODIFY ("MESSAGE" NOT NULL ENABLE);
  ALTER TABLE "ATTILA"."NOTIFICATIONS" MODIFY ("USER_ID" NOT NULL ENABLE);
  ALTER TABLE "ATTILA"."NOTIFICATIONS" MODIFY ("ID" NOT NULL ENABLE);
--------------------------------------------------------
--  Constraints for Table PAYMENT
--------------------------------------------------------

  ALTER TABLE "ATTILA"."PAYMENT" ADD PRIMARY KEY ("PAYMENT_ID")
  USING INDEX PCTFREE 10 INITRANS 2 MAXTRANS 255 
  STORAGE(INITIAL 65536 NEXT 1048576 MINEXTENTS 1 MAXEXTENTS 2147483645
  PCTINCREASE 0 FREELISTS 1 FREELIST GROUPS 1
  BUFFER_POOL DEFAULT FLASH_CACHE DEFAULT CELL_FLASH_CACHE DEFAULT)
  TABLESPACE "USERS"  ENABLE;
  ALTER TABLE "ATTILA"."PAYMENT" MODIFY ("METHOD" NOT NULL ENABLE);
  ALTER TABLE "ATTILA"."PAYMENT" MODIFY ("DUE_DATE" NOT NULL ENABLE);
  ALTER TABLE "ATTILA"."PAYMENT" MODIFY ("AMOUNT" NOT NULL ENABLE);
  ALTER TABLE "ATTILA"."PAYMENT" MODIFY ("PAYMENT_ID" NOT NULL ENABLE);
--------------------------------------------------------
--  Constraints for Table SERVICE
--------------------------------------------------------

  ALTER TABLE "ATTILA"."SERVICE" ADD PRIMARY KEY ("ID")
  USING INDEX PCTFREE 10 INITRANS 2 MAXTRANS 255 
  STORAGE(INITIAL 65536 NEXT 1048576 MINEXTENTS 1 MAXEXTENTS 2147483645
  PCTINCREASE 0 FREELISTS 1 FREELIST GROUPS 1
  BUFFER_POOL DEFAULT FLASH_CACHE DEFAULT CELL_FLASH_CACHE DEFAULT)
  TABLESPACE "USERS"  ENABLE;
  ALTER TABLE "ATTILA"."SERVICE" MODIFY ("SERVICE_TYPE" NOT NULL ENABLE);
  ALTER TABLE "ATTILA"."SERVICE" MODIFY ("PRICE" NOT NULL ENABLE);
  ALTER TABLE "ATTILA"."SERVICE" MODIFY ("ID" NOT NULL ENABLE);
--------------------------------------------------------
--  Constraints for Table SUBSCRIPTION
--------------------------------------------------------

  ALTER TABLE "ATTILA"."SUBSCRIPTION" ADD PRIMARY KEY ("ID")
  USING INDEX PCTFREE 10 INITRANS 2 MAXTRANS 255 
  STORAGE(INITIAL 65536 NEXT 1048576 MINEXTENTS 1 MAXEXTENTS 2147483645
  PCTINCREASE 0 FREELISTS 1 FREELIST GROUPS 1
  BUFFER_POOL DEFAULT FLASH_CACHE DEFAULT CELL_FLASH_CACHE DEFAULT)
  TABLESPACE "USERS"  ENABLE;
  ALTER TABLE "ATTILA"."SUBSCRIPTION" MODIFY ("STATUS" NOT NULL ENABLE);
  ALTER TABLE "ATTILA"."SUBSCRIPTION" MODIFY ("START_DATE" NOT NULL ENABLE);
  ALTER TABLE "ATTILA"."SUBSCRIPTION" MODIFY ("ID" NOT NULL ENABLE);
--------------------------------------------------------
--  Constraints for Table USERS
--------------------------------------------------------

  ALTER TABLE "ATTILA"."USERS" MODIFY ("ROLE" NOT NULL ENABLE);
  ALTER TABLE "ATTILA"."USERS" ADD UNIQUE ("EMAIL")
  USING INDEX PCTFREE 10 INITRANS 2 MAXTRANS 255 
  STORAGE(INITIAL 65536 NEXT 1048576 MINEXTENTS 1 MAXEXTENTS 2147483645
  PCTINCREASE 0 FREELISTS 1 FREELIST GROUPS 1
  BUFFER_POOL DEFAULT FLASH_CACHE DEFAULT CELL_FLASH_CACHE DEFAULT)
  TABLESPACE "USERS"  ENABLE;
  ALTER TABLE "ATTILA"."USERS" ADD PRIMARY KEY ("USER_ID")
  USING INDEX PCTFREE 10 INITRANS 2 MAXTRANS 255 
  STORAGE(INITIAL 65536 NEXT 1048576 MINEXTENTS 1 MAXEXTENTS 2147483645
  PCTINCREASE 0 FREELISTS 1 FREELIST GROUPS 1
  BUFFER_POOL DEFAULT FLASH_CACHE DEFAULT CELL_FLASH_CACHE DEFAULT)
  TABLESPACE "USERS"  ENABLE;
  ALTER TABLE "ATTILA"."USERS" MODIFY ("PASSWORD_HASH" NOT NULL ENABLE);
  ALTER TABLE "ATTILA"."USERS" MODIFY ("EMAIL" NOT NULL ENABLE);
  ALTER TABLE "ATTILA"."USERS" MODIFY ("USERNAME" NOT NULL ENABLE);
  ALTER TABLE "ATTILA"."USERS" MODIFY ("USER_ID" NOT NULL ENABLE);
--------------------------------------------------------
--  Constraints for Table VPS
--------------------------------------------------------

  ALTER TABLE "ATTILA"."VPS" ADD PRIMARY KEY ("ID")
  USING INDEX PCTFREE 10 INITRANS 2 MAXTRANS 255 
  STORAGE(INITIAL 65536 NEXT 1048576 MINEXTENTS 1 MAXEXTENTS 2147483645
  PCTINCREASE 0 FREELISTS 1 FREELIST GROUPS 1
  BUFFER_POOL DEFAULT FLASH_CACHE DEFAULT CELL_FLASH_CACHE DEFAULT)
  TABLESPACE "USERS"  ENABLE;
  ALTER TABLE "ATTILA"."VPS" MODIFY ("SERVER_SPECS" NOT NULL ENABLE);
  ALTER TABLE "ATTILA"."VPS" MODIFY ("ID" NOT NULL ENABLE);
--------------------------------------------------------
--  Constraints for Table WEBSITE
--------------------------------------------------------

  ALTER TABLE "ATTILA"."WEBSITE" ADD PRIMARY KEY ("ID")
  USING INDEX PCTFREE 10 INITRANS 2 MAXTRANS 255 
  STORAGE(INITIAL 65536 NEXT 1048576 MINEXTENTS 1 MAXEXTENTS 2147483645
  PCTINCREASE 0 FREELISTS 1 FREELIST GROUPS 1
  BUFFER_POOL DEFAULT FLASH_CACHE DEFAULT CELL_FLASH_CACHE DEFAULT)
  TABLESPACE "USERS"  ENABLE;
  ALTER TABLE "ATTILA"."WEBSITE" MODIFY ("ADDRESS" NOT NULL ENABLE);
  ALTER TABLE "ATTILA"."WEBSITE" MODIFY ("WEBSTORAGE_ID" NOT NULL ENABLE);
  ALTER TABLE "ATTILA"."WEBSITE" MODIFY ("USER_ID" NOT NULL ENABLE);
  ALTER TABLE "ATTILA"."WEBSITE" MODIFY ("ID" NOT NULL ENABLE);
--------------------------------------------------------
--  Constraints for Table WEBSTORAGE
--------------------------------------------------------

  ALTER TABLE "ATTILA"."WEBSTORAGE" ADD PRIMARY KEY ("ID")
  USING INDEX PCTFREE 10 INITRANS 2 MAXTRANS 255 
  STORAGE(INITIAL 65536 NEXT 1048576 MINEXTENTS 1 MAXEXTENTS 2147483645
  PCTINCREASE 0 FREELISTS 1 FREELIST GROUPS 1
  BUFFER_POOL DEFAULT FLASH_CACHE DEFAULT CELL_FLASH_CACHE DEFAULT)
  TABLESPACE "USERS"  ENABLE;
  ALTER TABLE "ATTILA"."WEBSTORAGE" MODIFY ("STORAGE_SPACE" NOT NULL ENABLE);
  ALTER TABLE "ATTILA"."WEBSTORAGE" MODIFY ("NAME" NOT NULL ENABLE);
  ALTER TABLE "ATTILA"."WEBSTORAGE" MODIFY ("ID" NOT NULL ENABLE);
--------------------------------------------------------
--  Ref Constraints for Table ASK
--------------------------------------------------------

  ALTER TABLE "ATTILA"."ASK" ADD CONSTRAINT "FK_ASK_FAQ" FOREIGN KEY ("FAQ_ID")
	  REFERENCES "ATTILA"."FAQ" ("FAQ_ID") ON DELETE CASCADE ENABLE;
  ALTER TABLE "ATTILA"."ASK" ADD CONSTRAINT "FK_ASK_USER" FOREIGN KEY ("USER_ID")
	  REFERENCES "ATTILA"."USERS" ("USER_ID") ON DELETE CASCADE ENABLE;
--------------------------------------------------------
--  Ref Constraints for Table DATABASES
--------------------------------------------------------

  ALTER TABLE "ATTILA"."DATABASES" ADD CONSTRAINT "FK_DATABASES_USER" FOREIGN KEY ("USER_ID")
	  REFERENCES "ATTILA"."USERS" ("USER_ID") ON DELETE CASCADE ENABLE;
--------------------------------------------------------
--  Ref Constraints for Table NOTIFICATIONS
--------------------------------------------------------

  ALTER TABLE "ATTILA"."NOTIFICATIONS" ADD CONSTRAINT "FK_NOTIFICATIONS_SUBSCRIPTION" FOREIGN KEY ("SUBSCRIPTION_ID")
	  REFERENCES "ATTILA"."SUBSCRIPTION" ("ID") ON DELETE CASCADE ENABLE;
  ALTER TABLE "ATTILA"."NOTIFICATIONS" ADD CONSTRAINT "FK_NOTIFICATIONS_USER" FOREIGN KEY ("USER_ID")
	  REFERENCES "ATTILA"."USERS" ("USER_ID") ON DELETE CASCADE ENABLE;
--------------------------------------------------------
--  Ref Constraints for Table PAYMENT
--------------------------------------------------------

  ALTER TABLE "ATTILA"."PAYMENT" ADD CONSTRAINT "FK_PAYMENT_SUBSCRIPTION" FOREIGN KEY ("SUBSCRIPTION_ID")
	  REFERENCES "ATTILA"."SUBSCRIPTION" ("ID") ON DELETE CASCADE ENABLE;
  ALTER TABLE "ATTILA"."PAYMENT" ADD CONSTRAINT "FK_PAYMENT_USER" FOREIGN KEY ("USER_ID")
	  REFERENCES "ATTILA"."USERS" ("USER_ID") ON DELETE CASCADE ENABLE;
--------------------------------------------------------
--  Ref Constraints for Table SERVICE
--------------------------------------------------------

  ALTER TABLE "ATTILA"."SERVICE" ADD CONSTRAINT "FK_SERVICE_VPS" FOREIGN KEY ("VPS_ID")
	  REFERENCES "ATTILA"."VPS" ("ID") ON DELETE CASCADE ENABLE;
  ALTER TABLE "ATTILA"."SERVICE" ADD CONSTRAINT "FK_SERVICE_WEBSTORAGE" FOREIGN KEY ("WEBSTORAGE_ID")
	  REFERENCES "ATTILA"."WEBSTORAGE" ("ID") ON DELETE CASCADE ENABLE;
--------------------------------------------------------
--  Ref Constraints for Table SUBSCRIPTION
--------------------------------------------------------

  ALTER TABLE "ATTILA"."SUBSCRIPTION" ADD CONSTRAINT "FK_SUBSCRIPTION_SERVICE" FOREIGN KEY ("SERVICE_ID")
	  REFERENCES "ATTILA"."SERVICE" ("ID") ON DELETE CASCADE ENABLE;
  ALTER TABLE "ATTILA"."SUBSCRIPTION" ADD CONSTRAINT "FK_SUBSCRIPTION_USER" FOREIGN KEY ("USER_ID")
	  REFERENCES "ATTILA"."USERS" ("USER_ID") ON DELETE CASCADE ENABLE;
--------------------------------------------------------
--  Ref Constraints for Table WEBSITE
--------------------------------------------------------

  ALTER TABLE "ATTILA"."WEBSITE" ADD CONSTRAINT "FK_WEBSITE_USER" FOREIGN KEY ("USER_ID")
	  REFERENCES "ATTILA"."USERS" ("USER_ID") ON DELETE CASCADE ENABLE;
  ALTER TABLE "ATTILA"."WEBSITE" ADD CONSTRAINT "FK_WEBSITE_WEBSTORAGE" FOREIGN KEY ("WEBSTORAGE_ID")
	  REFERENCES "ATTILA"."WEBSTORAGE" ("ID") ON DELETE CASCADE ENABLE;
